{
  "N": 10000,
  "T": 10,
  "subset": "test",
  "mse": 9.561407665614752e-08,
  "rmse": 0.0003092152594167169,
  "ade_mean": 0.00028493249556049705,
  "fde_mean": 0.0009574489668011665,
  "fde_p50": 0.0009298096410930157,
  "fde_p90": 0.0013940999051555991,
  "fde_p95": 0.0015115634305402637,
  "mindist_mean": 0.09996438026428223,
  "mindist_p10": 0.09968478977680206,
  "mindist_p5": 0.09956236928701401,
  "collision_radius": 0.1,
  "collision_rate": 0.5571
}