{
  "inputs": {
    "mode": "standardize",
    "cols": [
      0,
      1
    ],
    "fitted": true,
    "stats": {
      "mean": [
        -13124.509765625,
        3879.000244140625,
        0.0,
        0.0,
        0.0,
        0.0,
        0.0,
        0.0
      ],
      "std": [
        17987.69140625,
        21736.15625,
        1.0,
        1.0,
        1.0,
        1.0,
        1.0,
        1.0
      ]
    }
  },
  "outputs": {
    "mode": "standardize",
    "cols": null,
    "fitted": true,
    "stats": {
      "mean": [
        -12042.5068359375,
        -10984.234375,
        -9944.01171875,
        -8917.3330078125,
        -7933.8740234375,
        -6958.37646484375,
        -6023.73486328125,
        -5127.26171875,
        -4456.5166015625,
        2768.586181640625,
        1704.89013671875,
        678.29833984375,
        -314.4342956542969,
        -1235.576904296875,
        -2133.538818359375,
        -2977.85498046875,
        -3779.73046875,
        -4631.07763671875
      ],
      "std": [
        16016.4033203125,
        14115.126953125,
        12286.9990234375,
        10534.9453125,
        8865.1787109375,
        7289.31005859375,
        5840.57080078125,
        4589.181640625,
        3882.545654296875,
        19549.46484375,
        17420.111328125,
        15356.2001953125,
        13365.0341796875,
        11432.1259765625,
        9599.3779296875,
        7869.31884765625,
        6289.02734375,
        4804.61279296875
      ]
    }
  },
  "T": 9,
  "input_dim": 8,
  "output_dim": 18
}