{
  "N": 2500,
  "T": 9,
  "subset": "test",
  "mse": 0.0019323370652273297,
  "rmse": 0.04395835603417546,
  "ade_mean": 0.055396668612957,
  "fde_mean": 0.0003874308313243091,
  "fde_p50": 0.00035891577135771513,
  "fde_p90": 0.0006780694238841534,
  "fde_p95": 0.0007457681349478662,
  "mindist_mean": 0.07488878071308136,
  "mindist_p10": 0.036424420773983,
  "mindist_p5": 0.028294913470745087,
  "collision_radius": 0.05,
  "collision_rate": 0.2164
}