{
  "inputs": {
    "mode": "standardize",
    "cols": [
      0,
      1,
      2,
      3,
      4,
      5,
      6,
      7,
      8,
      9,
      10,
      11
    ],
    "fitted": true,
    "stats": {
      "mean": [
        0.0,
        0.0,
        0.0,
        1.0,
        1.0,
        1.0,
        0.5004446506500244,
        0.5003946423530579,
        0.5006406903266907,
        0.05026679113507271,
        0.050046514719724655,
        0.050071362406015396
      ],
      "std": [
        1.0,
        1.0,
        1.0,
        1.0,
        1.0,
        1.0,
        0.2313574254512787,
        0.2311663180589676,
        0.23122689127922058,
        0.028902223333716393,
        0.028867147862911224,
        0.028786396607756615
      ]
    }
  },
  "outputs": {
    "mode": "standardize",
    "cols": null,
    "fitted": true,
    "stats": {
      "mean": [
        -2.286898676558085e-22,
        0.006283348426222801,
        0.14189927279949188,
        0.28325554728507996,
        0.42961034178733826,
        0.575965166091919,
        0.7205260396003723,
        0.8625181913375854,
        1.0,
        6.561449029016737e-23,
        0.006255814339965582,
        0.14856179058551788,
        0.2896999418735504,
        0.4329679608345032,
        0.5762360095977783,
        0.7169166207313538,
        0.857135534286499,
        1.0,
        -3.7903739083426657e-22,
        0.0062589203007519245,
        0.14822162687778473,
        0.29018551111221313,
        0.43214839696884155,
        0.5741112232208252,
        0.716073751449585,
        0.8580355644226074,
        1.0
      ],
      "std": [
        6.014375303910512e-20,
        0.003612777916714549,
        0.05608393996953964,
        0.08485599607229233,
        0.08329553157091141,
        0.09008783847093582,
        0.08330031484365463,
        0.05707135051488876,
        1.0,
        4.0370184672958256e-20,
        0.003608393482863903,
        0.04567224904894829,
        0.0701744481921196,
        0.07059844583272934,
        0.07730647176504135,
        0.07092275470495224,
        0.047504376620054245,
        1.0,
        4.9274089264624025e-20,
        0.003598299575969577,
        0.003084299387410283,
        0.002570214681327343,
        0.0020561760757118464,
        0.001542139914818108,
        0.0010280944406986237,
        0.0005140885477885604,
        1.0
      ]
    }
  },
  "T": 9,
  "input_dim": 12,
  "output_dim": 27,
  "K": 3
}