{
  "inputs": {
    "mode": "standardize",
    "cols": [
      0,
      1,
      2,
      3,
      4,
      5,
      6
    ],
    "fitted": true,
    "stats": {
      "mean": [
        0.0,
        0.0,
        1.0,
        1.0,
        0.7859762907028198,
        0.5085251927375793,
        0.50865238904953
      ],
      "std": [
        1.0,
        1.0,
        1.0,
        1.0,
        0.45119354128837585,
        0.22757117450237274,
        0.22741366922855377
      ]
    }
  },
  "outputs": {
    "mode": "standardize",
    "cols": null,
    "fitted": true,
    "stats": {
      "mean": [
        1.1352617588323627e-24,
        0.09322040528059006,
        0.217193603515625,
        0.34718799591064453,
        0.4792153239250183,
        0.4792153239250183,
        0.6112426519393921,
        0.7453029155731201,
        0.8743621706962585,
        1.0,
        1.3717522988486936e-24,
        0.09313736855983734,
        0.2142540067434311,
        0.34301701188087463,
        0.4745028018951416,
        0.4745028018951416,
        0.6059887409210205,
        0.7401975393295288,
        0.8704639673233032,
        1.0
      ],
      "std": [
        5.402833366518278e-22,
        0.052439186722040176,
        0.07339966297149658,
        0.08913852274417877,
        0.08955272287130356,
        0.08955272287130356,
        0.0926065668463707,
        0.0783015564084053,
        0.049996547400951385,
        1.0,
        7.617325719138619e-22,
        0.05214105546474457,
        0.07512037456035614,
        0.09031751751899719,
        0.0896528959274292,
        0.0896528959274292,
        0.09155397862195969,
        0.07531650364398956,
        0.04678166285157204,
        1.0
      ]
    }
  },
  "T": 10,
  "input_dim": 7,
  "output_dim": 20,
  "K": 2
}