{
  "inputs": {
    "mode": "standardize",
    "cols": null,
    "fitted": true,
    "stats": {
      "mean": [
        0.0,
        0.0,
        0.5009422898292542,
        0.5000402331352234
      ],
      "std": [
        1.0,
        1.0,
        0.28892144560813904,
        0.28801727294921875
      ]
    }
  },
  "outputs": {
    "mode": "standardize",
    "cols": null,
    "fitted": true,
    "stats": {
      "mean": [
        0.0,
        0.0001848590763984248,
        0.001464181812480092,
        0.004860722925513983,
        0.004860722925513983,
        0.011261734180152416,
        0.021369900554418564,
        0.03567386791110039,
        0.03567386791110039,
        0.05444054678082466,
        0.0777285248041153,
        0.10541941225528717,
        0.10541941225528717,
        0.13726134598255157,
        0.1729181855916977,
        0.21201759576797485,
        0.21201759576797485,
        0.25419124960899353,
        0.2991030812263489,
        0.34646305441856384,
        0.34646305441856384,
        0.3960270285606384,
        0.4475843608379364,
        0.5009381771087646,
        0.0,
        0.0031970397103577852,
        0.012659200467169285,
        0.028011230751872063,
        0.028011230751872063,
        0.04866497218608856,
        0.07387039065361023,
        0.10277779400348663,
        0.10277779400348663,
        0.13450397551059723,
        0.16819427907466888,
        0.20307397842407227,
        0.20307397842407227,
        0.23848409950733185,
        0.2738989591598511,
        0.3089253008365631,
        0.3089253008365631,
        0.3432866632938385,
        0.3767964243888855,
        0.40932631492614746,
        0.40932631492614746,
        0.4407760202884674,
        0.4710492193698883,
        0.5000402331352234
      ],
      "std": [
        1.0,
        0.0002332107542315498,
        0.0018253193702548742,
        0.005940598901361227,
        0.005940598901361227,
        0.013386532664299011,
        0.024511436000466347,
        0.039179686456918716,
        0.039179686456918716,
        0.05682980269193649,
        0.07660669833421707,
        0.09754575788974762,
        0.09754575788974762,
        0.11877460777759552,
        0.13969014585018158,
        0.16006644070148468,
        0.16006644070148468,
        0.18005838990211487,
        0.2000933438539505,
        0.22068586945533752,
        0.22068586945533752,
        0.24225112795829773,
        0.2649967074394226,
        0.2889276146888733,
        1.0,
        0.0016854258719831705,
        0.006523361429572105,
        0.013907692395150661,
        0.013907692395150661,
        0.022985713556408882,
        0.032874561846256256,
        0.04292142391204834,
        0.04292142391204834,
        0.05295084789395332,
        0.06339924037456512,
        0.07520567625761032,
        0.07520567625761032,
        0.08941423892974854,
        0.10668940842151642,
        0.12707822024822235,
        0.12707822024822235,
        0.15012893080711365,
        0.1751927137374878,
        0.20170439779758453,
        0.20170439779758453,
        0.22934453189373016,
        0.258066862821579,
        0.28801727294921875
      ]
    }
  },
  "T": 24,
  "input_dim": 4,
  "output_dim": 48
}