{
  "N": 10000,
  "T": 10,
  "subset": "test",
  "mse": 1.0667108654160984e-05,
  "rmse": 0.0032660539882495795,
  "ade_mean": 0.0016393688274547458,
  "fde_mean": 0.0012329370947554708,
  "fde_p50": 0.0010169495362788439,
  "fde_p90": 0.0022824332118034363,
  "fde_p95": 0.0026131640188395977,
  "mindist_mean": 0.0992782860994339,
  "mindist_p10": 0.09781996160745621,
  "mindist_p5": 0.09697794169187546,
  "collision_radius": 0.05,
  "collision_rate": 0.0049
}