{
  "inputs": {
    "mode": "standardize",
    "cols": null,
    "fitted": true,
    "stats": {
      "mean": [
        0.009999999776482582,
        0.009999999776482582,
        0.9899998307228088,
        0.9899998307228088,
        0.5002244710922241,
        0.5004600882530212
      ],
      "std": [
        1.0,
        1.0,
        1.0,
        1.0,
        0.22912980616092682,
        0.2293662130832672
      ]
    }
  },
  "outputs": {
    "mode": "standardize",
    "cols": null,
    "fitted": true,
    "stats": {
      "mean": [
        0.010000000707805157,
        0.11800950020551682,
        0.22687368094921112,
        0.33604589104652405,
        0.4453430771827698,
        0.5547140836715698,
        0.6640356183052063,
        0.7732345461845398,
        0.8820905089378357,
        0.9899998903274536,
        0.010000000707805157,
        0.11797110736370087,
        0.22680293023586273,
        0.33600741624832153,
        0.4453299343585968,
        0.5546457171440125,
        0.6639454960823059,
        0.7731208801269531,
        0.881962776184082,
        0.9899998307228088
      ],
      "std": [
        1.0,
        0.01889442279934883,
        0.02865593135356903,
        0.03366966173052788,
        0.03595808148384094,
        0.03593641147017479,
        0.03370613604784012,
        0.02868570014834404,
        0.019008243456482887,
        1.0,
        1.0,
        0.018874146044254303,
        0.02865196019411087,
        0.03366609290242195,
        0.035953182727098465,
        0.03593255206942558,
        0.033703289926052094,
        0.02867189608514309,
        0.018953917548060417,
        1.0
      ]
    }
  },
  "T": 10,
  "input_dim": 6,
  "output_dim": 20
}